municipality,canton
בית דגן,0
קרית מלאכי,0
אור יהודה,0
אשקלון,0
בני ברק,0
בית שמש,0
ראש העין,0
כפר סבא,0
נס ציונה,0
ראשון לציון,0
ירושלים,0
ירוחם,0
בני שמעון,0
רחובות,0
דימונה,0
הרצליה,0
לכיש,0
אזור,0
שדות נגב,0
גדרה,0
גזר,0
גבעתיים,0
שהם,0
קרית גת,0
ברנר,0
נתיבות,0
שדרות,0
רמת השרון,0
אבן יהודה,0
גדרות,0
"בני עי""ש",0
חבל יבנה,0
מבשרת ציון,0
אילת,0
כפר שמריהו,0
קרית אונו,0
מודיעין-מכבים-רעות,0
להבים,0
כפר יונה,0
גן רוה,0
בית ג'ן,0
חוף השרון,0
קדימה - צורן,0
רכסים,0
אלעד,0
יבנה,0
רמת נגב,0
דאלית אל-כרמל,0
קרית יערים,0
תל אביב -יפו,0
רמת גן,0
פרדסיה,0
חולון,0
נתניה,0
ערד,0
רמלה,0
דרום השרון,0
יואב,0
מיתר,0
סביון,0
עוספייא,0
קרית עקרון,0
עומר,0
נחל שורק,0
גני תקווה,0
באר טוביה,0
יהוד -מונסון,0
גן יבנה,0
הערבה התיכונה,0
רעננה,0
מרחבים,0
כוכב יאיר,0
אופקים,0
אשדוד,0
גבעת שמואל,0
שפיר,0
בת ים,0
באר יעקב,0
שער הנגב,0
תמר,0
לב השרון,0
מצפה רמון,0
חבל אילות,0
אשכול,0
לוד,0
חבל מודיעין,0
תל מונד,0
חוף אשקלון,0
באר שבע,0
פתח תקווה,0
מטה יהודה,0
מזכרת בתיה,0
הוד השרון,0
קרית מוצקין,1
פסוטה,1
זרזיר,1
משגב,1
נהריה,1
ראש פינה,1
שלומי,1
חורפיש,1
מגדל העמק,1
ירכא,1
קצרין,1
יקנעם עילית,1
פקיעין (בוקייעה),1
אליכין,1
ראמה,1
מג'דל שמס,1
מטולה,1
עין קיניה,1
כעביה - טבאש - חג'אג'רה,1
חצור הגלילית,1
מטה אשר,1
מגדל,1
טבריה,1
ע'ג'ר,1
קרית אתא,1
מסעדה,1
כסרא - סמיע,1
עכו,1
זכרון יעקב,1
קרית טבעון,1
צפת,1
טירת כרמל,1
עמק הירדן,1
מגידו,1
אלונה,1
כפר ורדים,1
עמק חפר,1
עילבון,1
גולן,1
עמק יזרעאל,1
יאנוח - ג'ת,1
קרית ביאליק,1
עמק המעיינות,1
חריש,1
הגלבוע,1
גוש חלב (ג'יש),1
הגליל התחתון,1
חיפה,1
בוקעאתא,1
טובא-זנגריה,1
חדרה,1
כפר תבור,1
זבולון,1
קרית שמונה,1
כרמיאל,1
פרדס חנה - כרכור,1
הגליל העליון,1
סאג'ור,1
כפר כמא,1
מעלה יוסף,1
בית שאן,1
מג'אר,1
רמת ישי,1
עפולה,1
נשר,1
מרום הגליל,1
מעלות-תרשיחא,1
חוף הכרמל,1
אבו סנאן,1
יסוד המעלה,1
בנימינה - גבעת עדה,1
אור עקיבא,1
מנשה,1
יבנאל,1
ג'וליס,1
מבואות החרמון,1
קרית ים,1
באקה אל גרבייה,2
עין מאהל,2
אבו גוש,2
ערערה בנגב,2
אל קסום,2
כפר קרע,2
טורעאן,2
דיר אל-אסד,2
אל-בטוף,2
ריינה,2
קלנסווה,2
ג'דיידה-מכר,2
נווה מדבר,2
מעלה עירון,2
נחף,2
כאבול,2
שפרעם,2
בוסתאן אל-מרג',2
כפר קאסם,2
כפר מנדא,2
בענה,2
זמר,2
"בסמ""ה",2
מזרעה,2
סח'נין,2
נצרת,2
ג'לג'וליה,2
טירה,2
דבוריה,2
לקיה,2
כפר ברא,2
בועיינה-נוג'ידאת,2
שגב שלום,2
משהד,2
פוריידיס,2
כפר יאסיף,2
ג'ת,2
כפר כנא,2
ערערה,2
כסייפה,2
טמרה,2
עראבה,2
מעיליא,2
יפיע,2
ביר אל-מכסור,2
שעב,2
עילוט,2
כאוכב אבו אל-היג'א,2
רהט,2
טייבה,2
מג'ד אל-כרום,2
ג'סר א-זרקא,2
אום אל-פחם,2
בסמת טבעון,2
חורה,2
דיר חנא,2
אעבלין,2
אכסאל,2
תל שבע,2
